CommonName,Count,First_Genus_SpeciesIRMA
,1,
 Bicolored Sallow,15,Agrochola bicolorago 
A Caddisfly,96,Agapetus pinatus 
A Diplectronan Caddisfly,12,Diplectrona metaqui 
A Noctuid Moth,21,Amphipoea velata 
A Rhyacophilan Caddisfly,10,Rhyacophila appalachia 
A Saddlecase Caddisfly,34,Agapetus minutus 
A Spiny Crawler Mayfly,30,Drunella longicornis 
A Wave Moth,25,Scopula ordinata 
Acadian Flycatcher,810,Empidonax virescens 
Acleris Moth,12,Acleris cervinana 
Aerial Yellowjacket,10,Dolichovespula arenaria 
Afflicted Dager Moth,25,Acronicta afflicta 
Agreeable Tiger Moth ,83,Spilosoma congrua 
Alhedra Retreat-Maker,25,Hydropsyche alhedra 
Allegheny Blackberry,70,Rubus allegheniensis 
Allegheny Hawkweed,54,Hieracium paniculatum 
Allegheny Mountain Dusky Salamander,10,"Desmognathus ochrophaeus """"complex"""" "
Alternate-Leaf Dogwood,182,Cornus alternifolia 
American-Bellflower,38,Campanulastrum americanum 
American Alumroot,40,Heuchera americana 
American Barred Umber,15,Anagoga occiduaria 
American Beech,"1,384",Fagus grandifolia 
American Bullfrog,29,Lithobates catesbeianus 
American Crow,"1,529",Corvus brachyrhynchos 
American Dagger Moth,89,Acronicta americana 
American Ear Moth,38,Amphipoea americana 
American Elm,149,Ulmus americana 
American Goldfinch,206,Spinus tristis 
American Grasshopper,11,Schistocerca americana 
American Hazelnut,26,Corylus americana 
American Hog-Peanut,230,Amphicarpaea bracteata 
American Holly,397,Ilex opaca v. opaca
American Hornbeam,352,Carpinus caroliniana 
American Mite Eating Ant,50,Myrmecina americana 
American Mountain-Ash,246,Sorbus americana 
American Painted Lady,32,Vanessa virginiensis 
American Plum,33,Prunus americana 
American Pokeweed,26,Phytolacca americana 
American Redstart,69,Setophaga ruticilla 
American Robin,142,Turdus migratorius 
American Squawroot ,72,Conopholis americana 
American Strawberry-Bush,248,Euonymus americanus 
American Sycamore,457,Platanus occidentalis 
American Toad,82,Anaxyrus americanus 
American Umbrella-Leaf,57,Diphylleia cymosa 
American Witch-Hazel,567,Hamamelis virginiana 
Andromeda Underwing,41,Catocala andromedae 
Angulate Snowfly,27,Paracapnia angulata 
Angulated Cutworm,17,Syngrapha rectangula 
Anise-Scented Goldenrod,67,Solidago odora 
Aniseroot,22,Osmorhiza longistylis 
Annual Ragweed,50,Ambrosia artemisiifolia 
Anomodon Moss,29,Anomodon attenuatus 
Ant,327,Aphaenogaster Attomyrma rudis 
Ant B,42,Ponera pennsylvanica 
Antloving Rove Beetle,21,Batrisodes Declivodes lineaticollis 
Antloving Rove Beetle B,19,Eutyphlus thoracicus 
Aphid,10,Aphis coreopsidis 
Aphrodite,20,Speyeria aphrodite 
Apical Retreat-Maker,31,Parapsyche apicalis 
Appalachian Brook Crayfish,124,Cambarus Cambarus bartonii 
Appalachian Bunchflower,50,Melanthium parviflorum 
Appalachian Crayfish Worm,11,Xironodrilus appalachius 
Appalachian False Goat’S-Beard,36,Astilbe biternata 
Appalachian Gooseberry,11,Ribes rotundifolium 
Appalachian Jewelwing,17,Calopteryx angustipennis 
Appalachian Joe-Pye-Weed,41,Eupatorium steelei 
Appalachian Needlefly,26,Paraleuctra sara 
Appalachian Springfly,14,Isogenoides hansoni 
Appalachian White Snakeroot,77,Ageratina altissima v. roanensis
Arrow-Leaf Tearthumb,30,Polygonum sagittatum 
Arrowhead Moss,18,Bryhnia novae-angliae 
Artist Conk,14,Ganoderma applanatum 
Ashy Clubtail,10,Gomphus.Animalia Gomphus lividus 
Ashy Fingernet Caddis,56,Polycentropus cinereus 
Asian Clam,11,Corbicula fluminea 
Asiatic Bittersweet,20,Celastrus orbiculatus 
Asiatic Dayflower,13,Commelina communis 
Atlantic Goldenrod,38,Solidago arguta variety
Atlantic Sweat Bee,16,Lasioglossum Dialictus atlanticus 
Atlantic Willowfly,15,Taenionema atlanticum 
Atroviridis Spine Tooth Fungus,12,Sarcodon atroviridis 
Auerbach`S Antloving Rove Beetle,13,Batrisodes Excavodes auerbachi 
Aulacomnium Moss,18,Aulacomnium heterostichum 
Aurora Snowfly,10,Allocapnia aurora 
Aurora Trout,31,Salvelinus fontinalis 
Autumn Goldenrod,13,Solidago sphacelata 
Autumn Skullcap Mushroom,10,Galerina autumnalis 
Azalea Caterpillar,12,Datana major 
Bald-Faced Hornet,12,Dolichovespula maculata 
Baltimore Bomolocha Moth,55,Bomolocha baltimoralis 
Banded Darter,18,Etheostoma zonale 
Banded Tiger Moth,20,Apantesis vittata 
Banded Tussock Moth,116,Halysidota tessellaris 
Banded Woollybear,54,Pyrrharctia isabella 
Barklice,162,Amphigerontia bifasciata 
Barn Swallow,14,Hirundo rustica 
Barred Owl,59,Strix varia 
Basal Long-Toed Water Beetle,26,Helichus basalis 
Basswood Owlet Moth,26,Bomolocha deceptalis 
Beaked Cornsalad,11,Valerianella radiata 
Beaked Dodder,30,Cuscuta rostrata 
Beaked Grooveburr,11,Agrimonia rostellata 
Beaked Panic Grass,11,Panicum anceps 
Bear'S-Foot,16,Smallanthus uvedalius 
Bear Huckleberry,324,Gaylussacia ursina 
Bearded Shorthusk,58,Brachyelytrum erectum 
Beautiful Retreat-Maker,18,Hydropsyche venularis 
Beautiful Stone,46,Paragnetina immarginata 
Bee,22,Andrena Andrena milwaukeensis 
Bee A,23,Megachile Litomegachile mendica 
Beechdrops,43,Epifagus virginiana 
Beefsteak Fungus,10,Fistulina hepatica 
Belted Kingfisher,27,Megaceryle alcyon 
Bent-Lined Gray,65,Iridopsis larvaria 
Bent-Winged Owlet,56,Bleptina caradrinalis 
Betten'S Retreat-Maker,17,Hydropsyche betteni 
Beyer'S Antloving Rove Beetle,17,Batrisodes Excavodes beyeri 
Bicolored Sallow,22,Sunira bicolorago 
Big-Fruit Hawthorn,25,Crataegus macrosperma 
Big Abacion Milliped,11,Abacion magnum 
Bigeye Chub,31,Hybobsis amblops 
Bitter-Nut Hickory,121,Carya cordiformis 
Bitter Dock,16,Rumex obtusifolius 
Black-And-White Warbler,"1,429",Mniotilta varia 
Black-Bellied Salamander,163,Desmognathus quadramaculatus 
Black-Bordered Lemon Moth,71,Thioptera nigrofimbria 
Black-Capped Chickadee,607,Poecile atricapillus 
Black-Chinned Red Salamander,47,Pseudotriton ruber 
Black-Dashed Hydriomena Moth,18,Hydriomena divisaria 
Black-Dotted Brown,16,Cissusa spadix 
Black-Edge Sedge,27,Carex nigromarginata 
Black-Shouldered Spinyleg,12,Dromogomphus spinosus 
Black-Throated Blue Warbler,"1,507",Setophaga caerulescens 
Black-Throated Green Warbler,"2,543",Setophaga virens 
Black Bent,15,Agrostis gigantea 
Black Carpenter Ant,33,Camponotus pennsylvannicus 
Black Chokeberry,11,Photinia melanocarpa 
Black Chokecherry,845,Prunus serotina v. serotina
Black Cutworm,57,Agrotis ipsilon 
Black Elder,46,Sambucus nigra canadensis
Black Free Living Caddis,124,Rhyacophila nigrita 
Black Gum ,"1,470",Nyssa sylvatica 
Black Huckleberry,91,Gaylussacia baccata 
Black Locust,920,Robinia pseudoacacia 
Black Oak,505,Quercus velutina 
Black Oak Ambrosia Beetle,15,Xyloterinus politus 
Black Raspberry,19,Rubus occidentalis 
Black Redhorse,16,Moxostoma duquesnei 
Black Stripetail,22,Isoperla similis 
Black Walnut,412,Juglans nigra 
Black Willow,49,Salix nigra 
Blackburnian Warbler,340,Setophaga fusca 
Blackchin Red Salamander,19,Pseudotriton ruber schencki
Blackeyed Susan,19,Rudbeckia hirta variety
Blackheaded Birch Leaffolder,18,Acleris logiana 
Blackjack Oak,71,Quercus marilandica 
Blepharostoma,11,Blepharostoma trichophyllum 
Blue-Fronted Dancer,21,Argia apicalis 
Blue-Gray Gnatcatcher,137,Polioptila caerulea 
Blue-Headed Vireo,"1,930",Vireo solitarius 
Blue Dasher,22,Pachydiplax longipennis 
Blue Grosbeak,11,Passerina caerulea 
Blue Jay,757,Cyanocitta cristata 
Blue Milky Mushroom,11,Lactarius indigo 
Blue Ridge Two-Lined Salamander,523,Eurycea wilderae 
Bluegill,25,Lepomis macrochirus 
Blueridge Stone,59,Perlesta frisoni 
Blunt-Leaf Waterleaf,50,Hydrophyllum canadense 
Bolete Mushroom,11,Boletus chrysenteron 
Bolete Mushroom Species,12,Boletus badius 
Bosc’S Rosette Grass,97,Dichanthelium boscii 
Bowed Eunotia Diatom,61,Eunotia subarcuatoides 
Bowling Ground Beetle,19,Trechus Microtrechus bowlingi 
Bowman’S-Root,24,Porteranthus trifoliatus 
Box-Elder  ,37,Acer negundo 
Boxwood,12,Buxus sempervirens 
Bracket Fungus Species,11,Ganoderma tsugae 
Brainy Slime Mold,70,Arcyria cinerea 
Bright Glyph,15,Glyphyalinia wheatleyi 
Bristly Buttercup,30,Ranunculus hispidus variety
Bristly Cutworm,44,Lacinipolia renigera 
Broad-Headed True Bug,12,Alydus eurinus 
Broad-Leaf Enchanter’S-Nightshade,21,Circaea lutetiana canadensis
Broad-Tooth Hedge-Nettle,15,Stachys latidens 
Broad-Winged Hawk,105,Buteo platypterus 
Broad Beech Fern,222,Phegopteris hexagonoptera 
Broad Loose-Flower Sedge,35,Carex laxiflora v. laxiflora
Broad Looseflower Sedge,32,Carex laxiflora variety
Broad Shoulder Water Bug,66,Rhagovelia obesa 
Bronta Retreat-Maker,30,Hydropsyche bronta 
Brook Needlefly,13,Leuctra sibleyi 
Brook Springfly,99,Malirekus hastatus 
Broom-Sedge,12,Andropogon virginicus v. virginicus
Brown-Headed Cowbird,25,Molothrus ater 
Brown-Lined Dart Moth,32,Anaplectoides brunneomedia 
Brown American Star-Footed Amanita,10,Amanita brunnescens 
Brown Bark Carpet,37,Horisme intestinata 
Brown Creeper,497,Certhia americana 
Brown Lacewing,11,Hemerobius stigma 
Brown Spiketail,15,Cordulegaster bilineata 
Brown Thrasher,36,Toxostoma rufum 
Brown Trout,58,Salmo trutta 
Brownish Sedge,31,Carex brunnescens sphaerostachya
Brownish Small Minnow Mayfly,47,Baetis brunneicolor 
Bryoandersonia Moss,20,Bryoandersonia illecebra 
Buckeye,45,Junonia coenia 
Buffalo-Nut  ,431,Pyrularia pubera 
Burdock Borer Moth,17,Papaipema cataphracta 
Burying Beetle,11,Nicrophorus pustulatus 
Bushy Aster ,21,Symphyotrichum dumosum v. dumosum
Butterfly-Pea  ,17,Clitoria mariana 
Button-Hemp  ,46,Boehmeria cylindrica 
Canada Enchanter'S Nightshade,24,Circaea canadensis canadensis
Canada Goldenrod,31,Solidago altissima v. altissima
Canada Warbler,401,Cardellina canadensis 
Canadian Blacksnakeroot,117,Sanicula canadensis v. canadensis
Canadian Honewort,34,Cryptotaenia canadensis 
Canadian Melanolophia,77,Melanolophia canadaria 
Canadian Violet,109,Viola canadensis v. canadensis
Canadian Wild Ginger,23,Asarum canadense 
Canadian Wild Loveage,27,Ligusticum canadense 
Canadian Wood-Nettle,259,Laportea canadensis 
Cankerweed,25,Prenanthes serpentaria 
Carinate Antloving Rove Beetle,49,Machaerodes carinatus 
Carlin'S Mining Bee,18,Andrena Melandrena carlini 
Carlotta'S Tiger Moth,23,Apantesis carlotta 
Carlson'S Flatheaded Mayfly,31,Maccaffertium carlsoni 
Carolina Armored Mayfly,34,Baetisca carolina 
Carolina Buckthorn,23,Frangula caroliniana 
Carolina Chickadee,588,Poecile carolinensis 
Carolina Elephant’S-Foot,18,Elephantopus carolinianus 
Carolina Flat-Headed Mayfly,64,Stenacron carolina 
Carolina Forestfly,15,Soyedina carolinensis 
Carolina Free Living Caddis,134,Rhyacophila carolina 
Carolina Holly,29,Ilex ambigua 
Carolina Horsenettle,19,Solanum carolinense v. carolinense
Carolina Sallfly,21,Sweltsa mediana 
Carolina Satyr,37,Hermeuptychia sosybius 
Carolina Springbeauty,11,Claytonia caroliniana 
Carolina Stone,32,Acroneuria carolinensis 
Carolina Tassel-Rue,29,Trautvetteria caroliniensis 
Carolina Vetch,51,Vicia caroliniana 
Carolina Wren,362,Thryothorus ludovicianus 
Carpenter Bee,23,Xylocopa Xylocopoides virginica virginica
Carved Glyph,26,Glyphyalinia indentata 
Cataloochee Crayfish,10,Cambarus Puncticambarus robustus 2 (n. sp.) 
Catawba Rhododendron,74,Rhododendron catawbiense 
Catawba Spiny Crawler Mayfly,82,Ephemerella catawba 
Catfoot,17,Pseudognaphalium obtusifolium 
Cecropia Moth,10,Hyalophora cecropia 
Cedar Waxwing,115,Bombycilla cedrorum 
Celery Looper,18,Anagrapha falcifera 
Central Stoneroller,130,Campostoma anomalum 
Cephalozia,20,Cephalozia lunulifolia 
Charming Underwing Moth,40,Catocala blandula 
Chaste Flat-Headed Mayfly,110,Maccaffertium pudicum 
Cherokee Melanoplus,11,Melanoplus cherokee 
Cherry Dagger Moth,32,Acronicta hasta 
Chestnut-Sided Warbler,570,Setophaga pensylvanica 
Chestnut Bolete,14,Gyroporus castaneus 
Chestnut Oak,"1,887",Quercus montana 
Chicken Of The Woods,11,Laetiporus sulphureus 
Chimney Swift,527,Chaetura pelagica 
Chinaroot,58,Smilax tamnoides variety
Chinese Bush-Clover,11,Lespedeza cuneata 
Chinese Privet,14,Ligustrum sinense 
Chinese Yam,23,Dioscorea polystachya 
Chipping Sparrow,49,Spizella passerina 
Christmas Fern,"2,140",Polystichum acrostichoides 
Cinnabar-Red Chanterelle,38,Cantharellus cinnabarinus 
Cinnamon Fern,209,Osmundastrum cinnamomeum 
Clasping-Leaf Venus’-Looking-Glass,18,Triodanis perfoliata v. perfoliata
Claybacked Cutworm,25,Agrotis gladiaria 
Cleavers  ,20,Galium aparine 
Clio Stripetail,19,Clioperla clio 
Cloaked Marvel Moth,41,Chytonix palliatricula 
Closebanded Yellowhorn,58,Colocasia propinquilinea 
Clouded Skipper,22,Lerema accius 
Clouded Sulphur,25,Colias philodice 
Clover Hayworm,13,Hypsopygia costalis 
Clown Beetle,10,Bacanius tantillus 
Clubfoot Funnelcap Mushroom,11,Clitocybe clavipes 
Clymene Moth ,29,Haploa clymene 
Cock-Spur Hawthorn,11,Crataegus crus-galli 
Colorless Stripetail,17,Isoperla orata 
Comb-Leaf Yellow False Foxglove,15,Aureolaria pectinata 
Comma,39,Polygonia comma 
Common Alder,90,Alnus serrulata 
Common Blue Violet,73,Viola sororia variety
Common Checkered Skipper,14,Pyrgus communis 
Common Chickweed,10,Stellaria media 
Common Dandelion,10,Taraxacum officinale 
Common Dogfaced Caddis,82,Neophylax consimilis 
Common Eastern Bumble Bee,31,Bombus Pyrobombus impatiens 
Common Fox Sedge,11,Carex vulpinoidea 
Common Grackle,16,Quiscalus quiscula 
Common Gray,31,Anavitrinella pampinaria 
Common Green Darner,13,Anax junius 
Common Little Caddis,33,Psychomyia flavida 
Common Looper Moth,42,Autographa precationis 
Common Persimmon,97,Diospyros virginiana 
Common Saddle-Case Maker,159,Glossosoma nigrior 
Common Sheep Sorrel,19,Rumex acetosella 
Common Silverbell,"1,637",Halesia tetraptera variety
Common Stone,158,Acroneuria abnormis 
Common Three-Seed-Mercury,11,Acalypha rhomboidea 
Common Timothy,17,Phleum pratense 
Common Velvet Grass,18,Holcus lanatus 
Common Waterstrider,53,Aquarius remigis 
Common Whitetail,24,Plathemis lydia 
Common Yellowthroat,23,Geothlypis trichas 
Confusing Retreat-Maker,209,Diplectrona modesta 
Cope'S Gray Treefrog,38,Hyla chrysoscelis 
Copper Button,27,Mesomphix cupreus 
Coral Saucer Lichen,16,Ochrolechia yasudae 
Core'S Starwort,36,Stellaria corei 
Cornfield Ant,31,Lasius Lasius alienus 
Corrugated-Cap Milky Mushroom,17,Lactarius corrugis 
Cranberry Cutworm,16,Hyppa xylinoides 
Crane Fly,77,Cladura flavoferruginea 
Crane Fly 10,10,Epiphragma Epiphragma fasciapenne 
Crane Fly 21,11,Metalimnobia Metalimnobia cinctipes 
Crane Fly 22,10,Metalimnobia Metalimnobia immatura 
Crane Fly 26,11,Neocladura delicatula 
Crane Fly 39,11,Rhipidia Rhipidia maculata 
Crane Fly 41,11,Symplecta Symplecta cana 
Crayfish,58,Cambarus Hiaticambarus longirostris 
Cream Avens,11,Geum virginianum 
Creek Chub,37,Semotilus atromaculatus 
Creeping Ancylid,23,Ferrissia rivularis 
Creeping Aster,39,Eurybia surculosa 
Creeping Bush-Clover,25,Lespedeza repens 
Creeping Cedar,52,Diphasiastrum digitatum 
Creeping Phlox,22,Phlox stolonifera 
Cresson`S Sweat Bee,12,Lasioglossum Dialictus cressonii 
Crested Dwarf Iris,68,Iris cristata 
Crippled Cranefly,12,Tipularia discolor 
Crossed Tail Armored Caddis,48,Goera calcarata 
Crossline Skipper,14,Polites origenes 
Crossvine,55,Bignonia capreolata 
Cryptic Painted Minnow Mayfly,35,Ameletus cryptostimulus 
Cucumber-Tree,422,Magnolia acuminata 
Curtis' Goldenrod,232,Solidago curtisii 
Curtiss’ Milkwort,16,Polygala curtissii 
Curved Sallfly,15,Sweltsa lateralis 
Curveleaf Hypnum Moss,20,Hypnum curvifolium 
Cut-Leaf Grape-Fern,50,Botrychium dissectum variety
Cut-Leaf Toothwort,13,Cardamine concatenata 
"Cutleaf Grapefern, Obliquum",25,Botrychium dissectum v. obliquum
Cypress Rosette Grass,34,Dichanthelium dichotomum v. dichotomum
Damselfly,13,Argia fumipennis violacea
Dark-Eyed Junco,"1,794",Junco hyemalis 
Dark Gray Lichen Moth ,14,Crambidia lithosioides 
Dark Red Underwing,57,Catocala ultronia 
Darkling Beetle,11,Bolitotherus cornutus 
Deadmans Fingers,15,Xylaria polymorpha 
Deceptive Melanoplus,13,Melanoplus deceptus 
Deer-Tongue Rosette Grass,25,Dichanthelium clandestinum 
Deer Mouse,83,Peromyscus maniculatus 
Deer Mushroom,23,Pluteus cervinus 
Deerberry,240,Vaccinium stamineum variety
"Delicate Cycnia, Dogbane Tiger Moth",12,Cycnia tenera 
Delicate Thuidium Moss,28,Thuidium delicatulum 
Denuded Dicranodontium Moss,40,Dicranodontium denudatum 
Destroying Angel Mushroom,11,Amanita virosa 
Devil’S-Pitchfork,12,Bidens frondosa 
Devil’S Grandmother,11,Elephantopus tomentosus 
Devils Snuff-Box,30,Lycoperdon perlatum 
Diatom,229,Eunotia bidens 
Dicranella Moss,11,Dicranella heteromalla 
Dicranum Moss,32,Dicranum scoparium 
Dieck`S Stenamma Ant,23,Stenamma diecki 
Digressing Non-Biting Midge,32,Macropelopia decedens 
Diphyscium Moss,10,Diphyscium foliosum 
Distinct Quaker,16,Achatia distincta 
Diverse Little Caddis,128,Lype diversa 
Dobsonfly,25,Corydalus cornutus 
Dogwood Probole,35,Probole alienaria 
Downy Goldenrod,11,Solidago puberula v. puberula
Downy Lobelia,11,Lobelia puberula 
Downy Woodpecker,183,Picoides pubescens 
Drab Condylolomia,49,Condylolomia participalis 
Drab Prominent,18,Misogada unicolor 
Dracula Ant,33,Amblyopone pallipes 
Dragonhunter,33,Hagenius brevistylus 
Dreamy Duskywing,30,Erynnis icelus 
Drooping Sedge,23,Carex prasina 
Dusky Cutworm,19,Agrotis venerabilis 
Dusky Groundling Moth,64,Condica vecors 
Dwarf Cinquefoil,129,Potentilla canadensis 
Dwarf Hackberry,19,Celtis tenuifolia 
Dwarf St. John’S-Wort,26,Hypericum mutilum 
Dybas` Antloving Rove Beetle,27,Eutyphlus dybasi 
Early Blue Grass,11,Poa cuspidata 
Early Blue Violet,40,Viola palmata 
Early Lowbush Blueberry,316,Vaccinium pallidum 
Early Meadow-Rue,55,Thalictrum dioicum 
Eastern Amberwing,10,Perithemis tenera 
Eastern Black Carpenter Ant,12,Camponotus Camponotus pennsylvanicus 
Eastern Blacknose Dace,63,Rhinichthys atratulus 
Eastern Bluebird,22,Sialia sialis 
Eastern Bottle-Brush Grass,26,Elymus hystrix v. hystrix
Eastern Daisy Fleabane,17,Erigeron annuus 
Eastern Fence Lizard,16,Sceloporus  undulatus undulatus
Eastern Forestfly,14,Amphinemura delosa 
Eastern Hay-Scented Fern,943,Dennstaedtia punctilobula 
Eastern Hemlock,"3,404",Tsuga canadensis 
Eastern Hop-Hornbeam,79,Ostrya virginiana 
Eastern Least Clubtail,52,Stylogomphus albistylus 
Eastern Meadowlark,22,Sturnella magna 
Eastern Needlefly,32,Leuctra ferruginea 
Eastern Phoebe,74,Sayornis phoebe 
Eastern Pinelooper,39,Lambdina pellucidaria 
Eastern Poison-Ivy,255,Toxicodendron radicans radicans
Eastern Prickly Gooseberry,17,Ribes cynosbati 
Eastern Red-Cedar,35,Juniperus virginiana v. virginiana
Eastern Rough Sedge,25,Carex scabrata 
Eastern Tailed Blue,46,Everes comyntas 
Eastern Tent Caterpillar,33,Malacosoma americanum 
Eastern Tiger Swallowtail,78,Papilio glaucus 
Eastern Towhee,821,Pipilo erythrophthalmus 
Eastern Whip-Poor-Will,10,Antrostomus vociferus 
Eastern White Pine,"1,060",Pinus strobus 
Eastern Wood Pewee,326,Contopus virens 
Eastern Woodland Sedge,12,Carex blanda 
Eastern Worm Snake,58,Carphophis amoenus amoenus
Eastern Yellow Star-Grass,45,Hypoxis hirsuta 
Ebony Jewelwing,78,Calopteryx maculata 
Ebony Spleenwort,287,Asplenium platyneuron 
Elegant Polypore,10,Polyporus varius 
Elegant Pseudotaxiphyllum Moss,12,Pseudotaxiphyllum elegans 
Elegant Riffle Beetle,37,Promoresia elegans 
Elm Spanworm,13,Ennomos subsignaria 
Elm Sphinx ,15,Ceratomia amyntor 
English Grain Aphid,15,Sitobion avenae 
Entire-Leaf Yellow False Foxglove,53,Aureolaria laevigata 
Ephemerellid Mayfly,123,Dannella provonshai 
European Privet,10,Ligustrum vulgare 
Evergreen Woodfern,"1,072",Dryopteris intermedia 
Eyed Baileya,48,Baileya ophthalmica 
Fall Webworm Moth,23,Hyphantria cunea 
False Chanterelle,22,Gomphus.Fungi floccosus 
False Coral Fungus,17,Tremellodendron pallidum 
False Hemlock Looper,13,Nepytia canosaria 
False Lily-Of-The-Valley,40,Maianthemum canadense 
False Non-Biting Midge,45,Polypedilum Polypedilum fallax 
False Underwing Moth,76,Allotria elonympha 
False Water Penny Beetle,11,Ectopria nervosa 
Fan Ground-Pine,13,Lycopodium digitatum 
Fantail Darter,23,Etheostoma flabellare 
Fawn Darner,49,Boyeria vinosa 
Feathery False Solomon'S-Seal,283,Maianthemum racemosum racemosum
Field Sparrow,23,Spizella pusilla 
Filmy Angelica,87,Angelica triquinata 
Fine-Net Caddisfly,40,Nyctiophylax celta 
Fine-Ribbed Striate,13,Striatura milium 
Finger-Net Caddisfly,16,Dolophilodes major 
Fir Harlequin,85,Elaphria versicolor 
Fire-Pink,41,Silene virginica 
Firefly,19,Photinus carolinus 
Firm Russula,21,Russula compacta 
Fishfly,26,Nigronia fasciatus 
Five-Lined Skink,36,Eumeces fasciatus 
Flat-Headed Mayfly,140,Epeorus rubidus 
Flat-Headed Mayfly A1,25,Epeorus vitreus 
Flat-Headed Mayfly A2,28,Heptagenia julia 
Flat-Headed Mayfly A3,21,Leucrocuta aphrodite 
Flat-Headed Mayfly A4,31,Leucrocuta juno 
Flat-Headed Mayfly A5,42,Leucrocuta thetis 
Flat-Headed Mayfly A6,19,Rhithrogena exilis 
Flat-Headed Mayfly A7,27,Rhithrogena fuscifrons 
Flat-Headed Mayfly A8,34,Stenacron interpunctatum 
Flat-Stem Blue Grass,10,Poa compressa 
Flat Bug,10,Metcalfa pruinosa 
Flat Worm,11,Cura foremanii 
Flatheaded Mayfly,54,Maccaffertium ithaca 
Flattened Wild Oat,68,Danthonia compressa 
Flatworm,129,Botrychium dissectum v. dissectum
Flax-Leaf Ankle-Aster,19,Ionactis linariifolius 
Florida Blue Lettuce,12,Lactuca canadensis 
Flowering Dogwood,"1,428",Cornus florida 
Flowering Spurge,61,Euphorbia corollata 
Forest Tent Caterpillar,24,Malacosoma disstria 
Forktailed Bush Katydid,13,Scudderia furcata furcata
Four-Barred Gray Moth,33,Aethalura intertexta 
Four-Flower Yellow-Loosestrife,213,Lysimachia quadrifolia 
Four-Leaf Milkweed,13,Asclepias quadrifolia 
Fowl Manna Grass,17,Glyceria striata 
Fowler'S Toad,24,Anaxyrus fowleri 
Fox Grape,24,Vitis labrusca 
Foxglove Aphid,30,Aulacorthum solani 
Fragile Dagger,65,Acronicta fragilis 
Fragile Forktail,28,Ischnura Ischnura posita 
Fragrant Bedstraw,131,Galium triflorum variety
Fraser Fir,527,Abies fraseri 
Fraser’S Magnolia,953,Magnolia fraseri 
Free Living Caddisfly,56,Rhyacophila acutiloba 
Fringed Looper,78,Campaea perlata 
Fringed Phacelia ,11,Phacelia fimbriata 
Frost Grape,37,Vitis vulpina 
Frosts Bolete,11,Boletus frostii 
Fruit Fly,10,Strauzia perfecta 
Fruit Fly 1,11,Campiglossa albiceps 
Fruit Fly 2,12,Eutreta caliptera 
Fruit Fly 8,12,Tephritis pura 
Fungus,"2,707",Artomyces pyxidatus 
Fungus Species,35,Marasmiellus opacus 
Funnelcap Mushroom,29,Gerronema strombodes 
Fuscous Moss,28,Dicranum fuscescens 
Garden Tortrix,32,Clepsis peritana 
Gem,29,Orthonama obstipata 
Georgia Stone,12,Beloneuria georgiana 
Georgian June Beetle,13,Serica georgiana 
Giant Cane,37,Arundinaria gigantea gigantea
Gilled Bolete,17,Phylloporus rhodoxanthus 
Gilled Mushroom,11,Xerula megalospora 
Gilt Darter,30,Percina evides 
Girlfriend Underwing Moth,44,Catocala amica 
Glassy Grapeskin,27,Vitrinizonites latissimus 
Glossy Dome,12,Ventridens acerra 
Glossy Supercoil,14,Paravitrea placentula 
Goat’S-Rue,60,Tephrosia virginiana 
Goat’S Beard ,21,Aruncus dioicus 
Goerid Caddisfly,26,Goera fuscula 
Gold Moth,20,Basilodes pepita 
Goldcap Moss-Eater Moth,17,Epimartyria auricrinella 
Golden-Crowned Kinglet,783,Regulus satrapa 
Golden Fairy Helmet Fungus,20,Mycena leaiana 
Golden Grounsel,31,Packera aurea 
Golden Saxifrage,25,Chrysosplenium americanum 
Golden Waxy Cap,32,Hygrocybe flavescens 
Gory`S Ground Beetle,26,Carabus Carabus goryi 
Grand Globe,33,Mesodon normalis 
Grand Needlefly,11,Leuctra grandis 
Granulate Cutworm,10,Agrotis subterranea 
Grass-Leaved Golden Aster,28,Pityopsis graminifolia v. latifolia
Gray-Foot Lancetooth,37,Haplotrema concavum 
Gray Catbird,112,Dumetella carolinensis 
Gray Goldenrod,14,Solidago nemoralis v. nemoralis
Gray Hairstreak,24,Strymon melinus 
Gray Petaltail,24,Tachopteryx thoreyi 
Gray Spruce Looper,51,Caripeta divisata 
Graybanded Leafroller,21,Argyrotaenia mariana 
Grease Moth,29,Aglossa cuprina 
Great Blue Lobelia,17,Lobelia siphilitica 
Great Blue Skimmer,11,Libellula vibrans 
Great Chickweed,205,Stellaria pubera 
Great Crested Flycatcher,182,Myiarchus crinitus 
Great Indian-Plantain,19,Arnoglossum muehlenbergii 
Great Spangled Fritillary,39,Speyeria cybele 
Great Yellow Wood-Sorrel,12,Oxalis grandis 
Greater Bladder Sedge,42,Carex intumescens 
Greater Oak Dager Moth,22,Acronicta lobeliae 
Greater Red Dart,42,Abagrotis alternata 
Greater Straw Sedge,14,Carex normalis 
Greater Tickseed,119,Coreopsis major variety
Green-Head Coneflower,82,Rudbeckia laciniata v. humilis
Green-Headed Coneflower,14,Rudbeckia laciniata variety
Green Arches,44,Anaplectoides prasina 
Green Ash,72,Fraxinus pennsylvanica 
Green Dome,13,Zonitoides elliotti 
Green Frog,40,Lithobates clamitans 
Green Non-Biting Midge,32,Prodiamesa olivacea 
Green Quilt Russula,14,Russula virescens 
Greenbrier Springfly,52,Yugus bulbosus 
Greenfin Darter,56,Etheostoma chlorobranchium 
Greenside Darter,20,Etheostoma blennioides 
Greenstriped Grasshopper,28,Chortophaga viridifasciata 
Ground Beetle,95,Acupalpus Tachistodes indistinctus 
Ground Beetle 10,14,Platynus Platynus trifoveolatus 
Ground Beetle 11,13,Polyderis laevis 
Ground Beetle 13,14,Pterostichus Cylindrocharis rostratus 
Ground Beetle 14,25,Pterostichus Hypherpes tristis 
Ground Beetle 16,18,Selenophorus Selenophorus opalinus 
Ground Beetle 2,13,Acupalpus Tachistodes testaceus 
Ground Beetle 3,24,Bembidion Furcacampa affine 
Ground Beetle 5,17,Dicaelus Paradicaelus teter 
Ground Beetle 6,25,Gastrellarius blanchardi 
Ground Beetle 9,12,Notiobia Anisotarsus terminata 
Groundnut,26,Apios americana 
Grouse Locust,17,Tettigidea lateralis lateralis
Grove Blue Grass,36,Poa alsodes 
Gulf Fritillary,20,Agraulis vanillae 
Hairy-Joint Meadow-Parsnip,29,Thaspium barbinode 
Hairy-Leaved Shadbush ,159,Amelanchier arborea 
Hairy Alumroot,22,Heuchera villosa v. villosa
Hairy Angelica,23,Angelica venenosa 
Hairy Bedstraw,28,Galium pilosum variety
Hairy Blueberry,176,Vaccinium hirsutum 
Hairy Bush-Clover,32,Lespedeza hirta 
Hairy Mock-Orange,19,Philadelphus hirsutus 
Hairy Skullcap,18,Scutellaria elliptica variety
Hairy Sweet-Cicely,97,Osmorhiza claytonii 
Hairy Wood-Rush,55,Luzula acuminata v. acuminata
Hairy Woodland Brome,19,Bromus pubescens 
Hairy Woodpecker,434,Picoides villosus 
Halberd-Leaf Yellow Violet,221,Viola hastata 
Half-Black Bumble Bee,21,Bombus Pyrobombus vagans 
Handsome Fungus Beetle,10,Endomychus biguttatus 
Hannah`S Bristletail,18,Campodea Campodea hannahae 
Harmsworth`S Water Bear,73,Macrobiotus harmsworthi 
Harnessed Tiger Moth,28,Apantesis phalerata 
Harvester,14,Feniseca tarquinius 
Harvestlice,13,Agrimonia parviflora 
Harvestman,10,Odiellus pictus 
He-Huckleberry,66,Lyonia ligustrina v. ligustrina
Heart-Leaf Alexanders,16,Zizia aptera 
Heart-Leaf Aster,101,Symphyotrichum cordifolium variety
Hedgehog Fungus,21,Hydnum repandum 
Hedgehog Wood-Rush,28,Luzula echinata 
Hemlock Looper Moth,39,Lambdina fiscellaria 
Hemlock Root Bacteria,10,Crambidia nr. cephalica 
Hermit Thrush,30,Catharus guttatus 
Hesitant Dagger Moth,54,Acronicta haesitata 
Heterophyllium Moss,12,Heterophyllium affine 
Hickory Shoot Borer,10,Acrobasis caryae 
Hickory Tussock Moth,18,Lophocampa caryae 
Higgin'S Waterbear,33,Diphascon Diphascon higginsi 
Highbush Blueberry,124,Vaccinium corymbosum 
Highland Doghobble,248,Leucothoe fontanesiana 
Highlands Springfly,12,Yugus arinus 
Hill Cane,29,Arundinaria appalachiana 
Hobblebush,382,Viburnum lantanoides 
Hobomok Skipper,16,Poanes hobomok 
Hollow-Spotted Blepharomastix Moth,32,Blepharomastix ranalis 
Honest Ground Beetle,32,Gastrellarius honestus 
Honey-Locust,48,Gleditsia triacanthos 
Honey Bee,28,Apis mellifera 
Honey Mushroom,29,Armillaria mellea 
Hooded Warbler,"1,416",Setophaga citrina 
Hooked Buttercup ,89,Ranunculus recurvatus 
Hooked Silver Y Moth,17,Syngrapha alias 
Horace`S Duskywing,18,Erynnis horatius 
Horn Of Plenty,15,Craterellus cornucopioides 
Horsebrier,679,Smilax rotundifolia 
"Hover Fly, Flower Fly",10,Toxomerus geminatus 
Huckleberry Sphinx ,20,Paonias astylus 
Hufeland`S Waterbear,31,Macrobiotus hufelandi 
Hypnum Moss,46,Hypnum imponens 
Ignitus Long-Horned Caddisfly,14,Triaenodes ignitus 
Ilia Underwing,35,Catocala ilia 
Illinoian Non-Biting Midge,39,Polypedilum Polypedilum illinoense 
Illinois Stone,14,Acroneuria filicis 
Immaculate Ladybird Beetle,11,Cycloneda munda 
Imperial Moth ,41,Eacles imperialis 
Incised Eunotia Diatom,69,Eunotia incisa 
Inconspicuous Caddisfly,17,Oecetis inconspicua 
Indian Cucumber-Root,273,Medeola virginiana 
Indigo Bunting,892,Passerina cyanea 
Intermediate Water Bear,74,Minibiotus intermedius 
Interrupted Dagger Moth,13,Acronicta interrupta 
Io Moth ,52,Automeris io 
Irrorate Retreat-Maker,85,Arctopsyche irrorata 
Island Waterbear,24,Macrobiotus islandicus 
Jack-In-The-Pulpit,254,Arisaema triphyllum triphyllum
Jack-O-Lantern Fungus,11,Omphalotus illudens 
Japanese Honeysuckle,48,Lonicera japonica 
Japanese Stilt Grass,113,Microstegium vimineum 
Jelly Babies,34,Leotia lubrica 
Jet Black Caddisfly,22,Mystacides sepulchralis 
Juvenal`S Duskywing,32,Erynnis juvenalis 
Kearfotts Acrobasis Moth,10,Acrobasis kearfottella 
Keith`S Anilline Ground Beetle,18,Anillinus langdoni 
Kent`S Geometer,23,Selenia kentaria 
Kidney-Leaf Rosinweed,20,Silphium compositum 
King Of The Meadow,10,Thalictrum pubescens variety
Labrador Carpet Moth,20,Xanthorhoe labradorensis 
Lady In Black Aster,19,Symphyotrichum laterifolium v. laterifolium
Lamp Rush,37,Juncus effusus v. solutus
Lanceleaf Wild Licorice,43,Galium lanceolatum 
Lappet Moth,21,Phyllodesma americana 
Large-Flower Bellwort,29,Uvularia grandiflora 
Large-Fruit Black-Snakeroot,18,Sanicula trifoliata 
Large-Leaf Wood-Aster,50,Eurybia macrophylla 
Large Bland Rove Beetle,27,Bisnius blandus 
Large Eastern Free Living Caddis,203,Rhyacophila fuscula 
Large Sweet Vernal Grass,16,Anthoxanthum odoratum 
Large Wood Nymph,24,Cercyonis pegala 
Largeleaf Phlox,11,Phlox amplifolia 
Largemouth Bass,11,Micropterus salmoides 
Largescale Stoneroller,39,Campostoma oligolepis 
Lash Springfly,61,Remenus bilobatus 
Late-Flowering Thoroughwort,10,Eupatorium serotinum 
Late Goldenrod,17,Solidago gigantea 
Late Purple American-Aster,13,Symphyotrichum patens v. patens
Laurel Sphinx,16,Sphinx kalmiae 
Lead-Colored Lichen Moth ,44,Cisthene plumbea 
Leaf Beetle,35,Sumitrosis inaequalis 
Leaf Crumpler,10,Acrobasis indigenella 
Leaf Fungus,20,Stereum complicatum 
Leafhopper,53,Balclutha punctata 
Leafhopper B,11,Agalliota constricta 
Leafhopper H,11,Exitianus exitiosus 
Leafhopper I,15,Graminella nigrifrons 
Leafy Bulrush,15,Scirpus polyphyllus 
Least-Marked Euchlaena Moth,34,Euchlaena irraria 
Least Flycatcher,17,Empidonax minimus 
Least Sallfly,34,Haploperla brevis 
Least Skipperling,22,Ancyloxypha numitor 
Leathery Rush,10,Juncus coriaceus 
Leconte`S Haploa,73,Haploa lecontei 
Leconte`S Rove Beetle,45,Ischnosoma lecontei 
Leconte1S Clown Beetle,15,Margarinotus lecontei 
Lemon Plagodis Moth,37,Plagodis serinaria 
Leptophlebiid Mayfly,79,Paraleptophlebia adoptiva/mollis 
Lescur'S Platylomella Moss,22,Platylomella lescurii 
Lesser Grapevine Looper Moth,49,Eulithis diversilineata 
Lesser Maple Spanworm Moth,19,Itame pustularia 
Lesser Small Minnow Mayfly,61,Baetis intercalaris 
Lesser Smooth Free Living Caddis,72,Rhyacophila glaberrima 
Lettuce-Leaf Saxifrage,26,Micranthes micranthidifolia 
Leucobryum Moss,15,Leucobryum albidum 
Lichen,"1,002",Allocetraria oakesiana 
Licorice Bedstraw,74,Galium circaezans v. circaezans
Light-Blothced False Darkling Beetle,33,Dircaea liturata 
Light Brown Apple Moth,36,Clepsis virescana 
Light Carpet Moth,12,Hydrelia lucata 
Linden Looper Moth,12,Erannis tiliaria 
Linear Painted Minnow Mayfly,22,Ameletus lineatus 
Little-Neck Ground Beetle,36,Platynus Platynus tenuicollis 
Little Black Ground Beetle,15,Dromius Dromius piceus 
Little False Bluestem,77,Schizachyrium scoparium v. scoparium
Little Glassywing,17,Pompeius verna 
Little Nymph Underwing,39,Catocala micronympha 
Little Pronggill Mayfly,55,Habrophlebia vibrans 
Little Water Strider,10,Microvelia americana 
Little White Lichen Moth ,84,Clemensia albata 
Little Wood Satyr,21,Megisto cymela 
Loaded Lepidella Mushroom,13,Amanita onusta 
Locust Leaf Miner,42,Odontota dorsalis 
Loeskeobryum Moss,11,Loeskeobryum brevirostre 
Long-Horned Beetle,12,Pidonia densicollis 
Long-Horned Caddisfly,34,Ceraclea transversa 
Long-Toed Water Beetle,11,Helichus fastigiatus 
Longnose Dace,112,Rhinichthys cataractae 
Longtail Salamander,31,Eurycea longicauda 
Lopseed,52,Phryma leptostachya 
Lorchel Fungus,11,Hemerobius stigmaterus 
Louisiana Waterthrush,138,Parkesia motacilla 
Lowland Bladder Fern,231,Cystopteris protrusa 
Lowrie’S American-Aster,23,Symphyotrichum lowrieanum 
Luna Moth ,43,Actias luna 
Lundbeck`S Non-Biting Midge,79,Parametriocnemus lundbeckii 
Lyre-Leaf Sage,25,Salvia lyrata 
Macleod`S Retreat-Maker,77,Hydropsyche macleodi 
Maculate Fingernet Caddis,36,Polycentropus maculatus 
Maidenhair Spleenwort,19,Asplenium trichomanes trichomanes
Malloch`S Non-Biting Midge,37,Ablabesmyia mallochi 
Many-Flower Indian-Pipe,28,Monotropa hypopithys 
Maple-Leaf Arrow-Wood,224,Viburnum acerifolium 
Maple-Leaved Alumroot,15,Heuchera villosa variety
Maple Prominent,110,Heterocampa guttivitta 
Maple Spanworm,12,Ennomos magnaria 
Marestail,18,Conyza canadensis v. canadensis
Marginal Wood Fern,282,Dryopteris marginalis 
Marsh Blue Violet,36,Viola cucullata 
Maryland Golden-Aster,34,Chrysopsis mariana 
Masked Birch Caterpillar,86,Drepana arcuata 
Meadow-Parsnip,50,Thaspium trifoliatum variety
Meadow Fritillary,15,Boloria bellona 
Meager Enotia Diatom,52,Eunotia exigua 
Mealy Cap Mushroom,13,Amanita farinosa 
Median Striate,22,Striatura meridionalis 
Medium Dagger Moth,36,Acronicta modica 
Michaux’S Saxifrage,53,Saxifraga michauxii 
Milkweed Tussock Moth,21,Euchaetes egle 
Milliped 11,12,Cleidogona margarita 
Milliped 15,12,Uroblaniulus fumans 
Millipede,40,Boraria deturkiana 
Mimosa,11,Albizia julibrissin 
Minor Eunotia Diatom,44,Eunotia minor 
Mirror Shiner,13,Notropis spectrunculus 
Mitchell`S Dogfaced Caddis,144,Neophylax mitchelli 
Mockernut Hickory,390,Carya alba 
Modest Flat-Headed Mayfly,51,Maccaffertium modestum 
Monarch,26,Danaus plexippus 
Morbid Owlet Moth,53,Chytolita morbidalis 
Morning-Glory Prominent,88,Schizura ipomoeae 
Morose Caddisfly,32,Hydropsyche morosa 
Morrison'S Pero,54,Pero morrisonaria 
Mosquito,10,Ochlerotatus triseriatus 
Moth Fly,16,Philothermus stephani 
Mottled Gray Carpet,25,Cladara limitaria 
Mottled Sculpin,99,Cottus bairdi 
Mountain-Laurel,"1,539",Kalmia latifolia 
Mountain Bellwort,113,Uvularia puberula 
Mountain Button,36,Mesomphix andrewsae 
Mountain Delicate Burrower,76,Fattigia pele 
Mountain Disc,12,Anguispira jessica 
Mountain Holly,385,Ilex montana 
Mountain Maple,403,Acer spicatum 
Mountain Meadow-Rue,36,Thalictrum clavatum 
Mountain Millstone,55,Molanna blenda 
Mountain Retreat-Maker,106,Parapsyche cardis 
Mountain Spleenwort,39,Asplenium montanum 
Mountain Sweet Pepper-Bush,115,Clethra acuminata 
Mountain Wood-Aster,42,Eurybia chlorolepis 
Mountain Wood Fern,104,Dryopteris campyloptera 
Mournful Finger-Net Caddis,95,Wormaldia moesta 
Mourning Dove,110,Zenaida macroura 
Mourningcloak Butterfly,17,Nymphalis antiopa 
Multiflora Rose ,23,Rosa multiflora 
Muscadine,88,Vitis rotundifolia 
Mushroom Pimples Fungus,12,Hypomyces hyalinus 
Mustard Sallow,12,Pyreferra hesperidago 
Myrmicine Ant,10,Aphaenogaster picea 
Nais Tiger Moth ,13,Apantesis nais 
Naked-Flower Tick-Trefoil,150,Desmodium nudiflorum 
Nameless Pinion,12,Lithophane innominata 
Nancy`S Anilline Ground Beetle,18,Anillinus loweae 
Narrow-Leaf Blue-Eyed-Grass,11,Sisyrinchium angustifolium 
Narrow-Leaf Silk-Grass,11,Pityopsis graminifolia v. graminifolia
Narrow-Leaf White-Top-Aster,11,Sericocarpus linifolius 
Narrow Riffle Beetle,69,Promoresia tardella 
Narrowleaf Cowwheat,54,Melampyrum lineare v. latifolium
Nason`S Mining Bee,12,Andrena Simandrena nasonii 
Navel Hedgehog Fungus,12,Hydnum umbilicatum 
Neophylax Caddisfly,14,Neophylax oligius 
New Jersey-Tea,29,Ceanothus americanus 
New York Fern,"1,507",Thelypteris noveboracensis 
Newyork Ironweed,18,Vernonia noveboracensis 
Nicolay`S Antloving Rove Beetle,31,Mipseltyrus nicolayi 
Nimblewill,10,Muhlenbergia schreberi 
No-See-Um,22,Palpomyia complex 
Nodding Fescue,34,Festuca subverticillata 
Non-Biting Midge,297,Brundiniella eumorpha 
Non-Biting Midge 16,22,Cardiocladius obscurus 
Non-Biting Midge 17,29,Eukiefferiella claripennis 
Non-Biting Midge 18,15,Orthocladius Symposiocladius lignicola 
Non-Biting Midge 19,19,Polypedilum Polypedilum aviceps 
Non-Biting Midge 21,26,Polypedilum Tripodura halterale 
Non-Biting Midge 22,20,Rheocricotopus Rheocricotopus tuberculatus 
Non-Biting Midge 23,13,Sublettea coffmani 
Nondescript Dagger Moth,44,Acronicta spinigera 
Northern Black Racer,120,Coluber constrictor constrictor
Northern Caddisfly,47,Hydatophylax argus 
Northern Cardinal,178,Cardinalis cardinalis 
Northern Catalpa,10,Catalpa speciosa 
Northern Cloudy Wing,13,Thorybes pylades 
Northern Copperhead,160,Agkistrodon contortrix 
Northern Dusky Salamander,16,"Desmognathus fuscus """"complex"""" "
Northern Flicker,151,Colaptes auratus 
Northern Hog Sucker,135,Hypentelium nigricans 
Northern Maidenhair,294,Adiantum pedatum 
Northern Parula,845,Setophaga americana 
Northern Pearly Eye,16,Enodia anthedon 
Northern Red Oak,"2,475",Quercus rubra 
Northern Redbelly Snake,22,Storeria occipitomaculata occipitomaculata
Northern Ringneck Snake,92,Diadophis punctatus edwardsii
Northern Rough-Winged Swallow,21,Stelgidopteryx serripennis 
Northern Selenia,14,Selenia alciphearia 
Northern Stone,23,Agnetina capitata 
Northern Water Snake,59,Nerodia sipedon sipedon
Northern White Oak,"1,151",Quercus alba 
Northern White Violet,37,Viola macloskeyi variety
Northern/Midland Brown Snake,42,Storeria dekayi dekayi/wrightorum
Oak Besma,37,Besma quercivoraria 
Oak Leaffolder,13,Ancylis burgessiana 
Oak Stag Beetle,12,Platycerus virescens 
Oblique-Banded Leafroller,18,Choristoneura rosaceana 
Oblong-Fruit Pinweed,17,Lechea racemulosa 
Ocellated Darner,22,Boyeria grafiana 
Ochre Dagger Moth,39,Acronicta morula 
Odorous House Ant,17,Tapinoma sessile 
Old Wife Underwing,41,Catocala palaeogama 
Oldfield Cinquefoil,86,Potentilla simplex 
Olive Arches Moth,29,Lacinipolia olivacea 
Omnivorous Leafroller,10,Archips purpurana 
One-Flower Indian-Pipe,97,Monotropa uniflora 
Open-Flower Rosette Grass,15,Dichanthelium laxiflorum 
Orange-Colored Cordyceps,24,Cordyceps militaris 
Orange Earth Tongue,12,Microglossum rufum 
Orange Holomelina ,16,Holomelina aurantiaca 
Orange Jelly Fungus,10,Dacrymyces palmatus 
Orange Sulphur,53,Colias eurytheme 
Orchard Grass,13,Dactylis glomerata 
Oriental Lady'S Thumb,23,Persicaria longiseta 
Ornate Dogfaced Caddis,39,Neophylax ornatus 
Osmia Bee,12,Osmia Melanosmia pumila 
Oval-Based Prominent ,59,Peridea basitriens 
Oval-Leaf Sedge,14,Carex cephalophora 
Oval Abrostola Moth,10,Abrostola ovalis 
Oval Riffle Beetle,54,Optioservus ovalis 
Ovate Dagger Moth,73,Acronicta ovata 
Ox-Eye Daisy,14,Leucanthemum vulgare 
Oxate Little Retreat-Maker,11,Cheumatopsyche oxa 
Packard`S Lichen Moth,25,Cisthene packardii 
Pagan Stickbait Caddis,61,Pycnopsyche gentilis 
Painted Lichen Moth ,92,Hypoprepia fucosa 
Pale-Banded Dart Moth,31,Agnorisma badinodis 
Pale Flat-Headed Mayfly,58,Stenacron pallidum 
Pale Indian-Plantain,46,Arnoglossum atriplicifolium 
Pale Lichen Moth ,41,Crambidia pallida 
Pale Stripetail,107,Isoperla holochlora 
Pale Touch-Me-Not,102,Impatiens pallida 
Pallar`S Water Bear,80,Macrobiotus pallarii 
Pandorus Sphinx ,19,Eumorpha pandorus 
Panicled-Leaf Tick-Trefoil,44,Desmodium paniculatum v. paniculatum
Parasitic Bolete,11,Boletus parasiticus 
Parrot Mushroom,12,Hygrophorus psittacinus 
Pawpaw Sphinx ,14,Dolba hyloeus 
Pearl Crescent,77,Phyciodes tharos 
Pennsylvania Sedge,110,Carex pensylvanica 
Pepper And Salt Geometer,66,Biston betularia 
Perfoliate Bellwort,96,Uvularia perfoliata 
Perplexing Bumble Bee,15,Bombus Pyrobombus perplexus 
Pestle-Shaped Coral Fungus,11,Clavariadelphus pistillaris 
Pickerel Frog,21,Lithobates palustris 
Pignut Hickory,309,Carya glabra 
Pileated Woodpecker,"1,216",Dryocopus pileatus 
Pilewort  ,25,Erechtites hieraciifolia v. hieraciifolia
Pin Cherry ,386,Prunus pensylvanica 
Pine Siskin,73,Spinus pinus 
Pine Spittlebug,11,Aphrophora cribrata 
Pine Warbler,135,Setophaga pinus 
Pink-Masked Pyralid Moth,29,Aglossa disciferalis 
Pink-Shaded Fern Moth,55,Callopistria mollissima 
Pink Turtlehead,33,Chelone lyonii 
Pinwheel Mushroom Species,52,Marasmius androsaceus 
Pipevine,154,Aristolochia macrophylla 
Pipevine Swallowtail,71,Battus philenor 
Pitch Pine,559,Pinus rigida 
Pitiless Free Living Caddis,59,Rhyacophila torva 
Plagiothecium Moss,36,Plagiothecium cavifolium 
Plant Hopper 29,17,Delphacodes puella 
Plant Hopper 30,20,Isodelphax basivitta 
Plant Hopper 31,29,Liburniella ornata 
Plantain-Leaf Sedge,42,Carex plantaginea 
Plate-Thigh Beetle,11,Tohlezkus inexpectus 
Pleasant Dager Moth,28,Acronicta laetifica 
Pluto`S Small Minnow Mayfly,46,Baetis pluto 
Pointed-Leaf Tick-Trefoil,21,Desmodium glutinosum 
Poke Milkweed,19,Asclepias exaltata 
Polycentropus Caddisfly,27,Polycentropus confusus 
Polyphemus Moth,41,Antheraea polyphemus 
Polytrichum Moss,41,Polytrichum pallidisetum 
Possomhaw,42,Viburnum nudum v. cassinoides
Post Oak,38,Quercus stellata 
Poverty Rush,33,Juncus tenuis variety
Poverty Wild Oat,48,Danthonia spicata 
Powdered Dancer,22,Argia moesta 
Primitive Crane Fly,10,Protoplasa fitchii 
Princess-Pine,68,Lycopodium obscurum 
Princesstree,14,Paulownia tomentosa 
Promethea Moth,15,Callosamia promethea 
Prostrate Tick-Trefoil,24,Desmodium rotundifolium 
Punctate Smartweed,12,Persicaria punctata 
Purple-Disk Sunflower,10,Helianthus atrorubens 
Purple-Flowering Raspberry,21,Rubus odoratus 
Purple-Node Joe-Pye-Weed,42,Eutrochium purpureum v. pupureum
Purple-Stem American-Aster,29,Symphyotrichum puniceum v. puniceum
Purple Bedstraw,49,Galium latifolium 
Purple Finch,11,Haemorhous purpureus 
Purple Meadow-Parsnip,11,Thaspium trifoliatum v. trifoliatum
Pygmy Slitmouth,14,Stenotrema pilula 
Pylaisiadelpha Moss,13,Pylaisiadelpha tenuirostris 
Question Mark,33,Polygonia interrogationis 
Quick Gloss,12,Zonitoides arboreus 
Raspberry Dager Moth,30,Acronicta increta 
Rat Snake,54,Elaphe obsoleta obsoleta
Rattlesnake-Weed,57,Hieracium venosum 
Rattlesnake Fern,565,Botrychium virginianum 
Rearhumped Caterpillar,74,Amphipyra pyramidoides 
Recurved Brotherella Moss,62,Brotherella recurvans 
Red-And-Yellow Bolete,20,Boletus bicolor variety
Red-Banded Hairstreak,30,Calycopis cecrops 
Red-Bellied Woodpecker,149,Melanerpes carolinus 
Red-Breasted Nuthatch,682,Sitta canadensis 
Red-Eyed Vireo,"2,620",Vireo olivaceus 
Red-Headed Woodpecker,10,Melanerpes erythrocephalus 
Red-Lipped Green Lacewing,12,Chrysoperla rufilabris 
Red-Ring Milkweed,10,Asclepias variegata 
Red-Shouldered Hawk,11,Buteo lineatus 
Red-Tailed Hawk,11,Buteo jamaicensis 
Red-Twig Doghobble,45,Leucothoe recurva 
Red-Winged Blackbird,35,Agelaius phoeniceus 
Red Admiral,41,Vanessa atalanta 
Red Burrowing Crayfish,19,Cambarus Jugicambarus carolinus 
Red Clover,16,Trifolium pratense 
Red Crossbill,39,Loxia curvirostra 
Red Elder,17,Sambucus racemosa v. pubens
Red Elderberry,50,Sambucus racemosa v. racemosa
Red Hickory,24,Carya ovalis 
Red Maple,"4,824",Acer rubrum v. rubrum
Red Mulberry,97,Morus rubra 
Red Spruce,981,Picea rubens 
Red Squirrel,10,Tamiasciurus hudsonicus 
Redbanded Leafroller,29,Argyrotaenia velutinana 
Redbreast Sunfish,13,Lepomis auritus 
Redbud,130,Cercis canadensis v. canadensis
Reddish Speckled Dart,18,Cerastis tenebrifera 
Redline Darter,53,Etheostoma rufilineatum 
Redspotted Purple,10,Limenitis arthemis astyanax
Regal Moth2,12,Citheronia regalis 
Resurrection Fern,20,Pleopeltis polypodioides michauxiana
Retarded Dagger Moth,31,Acronicta retardata 
Retreat-Maker,24,Cheumatopsyche harwoodi 
Retreat-Making Caddisfly,25,Cheumatopsyche analis 
Rhomboid Eunotia Diatom,107,Eunotia rhomboidea 
Ribbed Sedge,24,Carex virescens 
Rice Cut Grass,23,Leersia oryzoides 
Richweed  ,31,Pilea pumila 
Riffle Beetle,58,Macronychus glabratus 
Rigid White-Top American-Aster,21,Symphyotrichum retroflexum 
River Birch,51,Betula nigra 
River Chub,120,Nocomis micropogon 
River Fly,73,Atherix lantha 
Roan Mountain Goldenrod,21,Solidago roanensis 
Roan Rattlesnakeroot,25,Prenanthes roanensis 
Robin'S Plantain,27,Erigeron pulchellus v. pulchellus
Rock Bass,54,Ambloplites rupestris 
Rock Polypody,21,Polypodium virginianum 
Rohwer`S Sweat Bee,13,Lasioglossum Dialictus rohweri 
Rooted Agaric,13,Xerula furfuracea 
Rose-Breasted Grosbeak,282,Pheucticus ludovicianus 
Rose Hooktip,15,Oreta rosea 
Rosebay Rhododendron ,922,Rhododendron maximum 
Rosy-Gill Fairy Helmet Fungus,10,Mycena galericulata 
Rosy Maple Moth ,87,Dryocampa rubicunda 
Rosy Sedge,27,Carex rosea 
Rosyside Dace,36,Clinostomus funduloides 
Rough-Stemmed Goldenrod,16,Solidago rugosa v. aspera
Rough Hawkweed,10,Hieracium scabrum 
Round-Leaf Groundsel,15,Packera obovata 
Round-Leaf Violet,145,Viola rotundifolia 
Round-Necked Longhorn,15,Cephaloon lepturides 
Round-Necked Longhorn 02,14,Clytus ruricola 
Round-Necked Longhorn 09,15,Metacmaeops vittata 
Round-Necked Longhorn 10,14,Microgoes oculatus 
Round-Necked Longhorn 11,12,Pidonia aurata 
Round-Necked Longhorn 13,27,Pidonia ruficollis 
Round-Necked Longhorn 16,20,Strangalepta abbreviata 
Roundleaf Goldenrod,17,Solidago patula v. patula
Roundneck Sexton Beetle,33,Nicrophorus orbicollis 
Rove Beetle,78,Achenomorphus corticinus 
Rove Beetle 03,14,Dasycerus carolinensis 
Rove Beetle 04,15,Euboarhexius perscitus 
Rove Beetle 05,12,Gabrius fallaciosus 
Rove Beetle 07,19,Ontholestes cingulatus 
Rove Beetle 09,29,Prespelea quirsfeldi 
Rove Beetle 10,21,Sepedophilus brachypterus 
Rove Beetle 11,15,Tachinus fimbriatus 
Rove Beetle 12,28,Tachinus luridus 
Rove Beetle 13,19,Trimiomelba dubia 
Ruby-Crowned Kinglet,10,Regulus calendula 
Ruby-Throated Hummingbird,113,Archilochus colubris 
Ruby Meadowhawk,14,Sympetrum rubicundulum 
Rue-Anemone,120,Thalictrum thalictroides 
Ruffed Grouse,67,Bonasa umbellus 
Running Strawberry-Bush,49,Euonymus obovatus 
Rusty Leaf Beetle,12,Syneta ferruginea 
Sable Clubtail,25,Gomphus Gomphurus rogersi 
Sac Fungi,75,Acanthostigma filiforme 
Saddle-Backed False Morel,11,Helvella crispa 
Saddleback Caterpillar,11,Acharia stimulea 
Saddleback Looper,59,Ectropis crepuscularia 
Saffron Shiner,47,Notropis rubricroceus 
Sallow Sedge,24,Carex lurida 
Salmonfly,20,Pteronarcys proteus group 
Sand-Myrtle,19,Leiophyllum buxifolium 
Sand Hickory,23,Carya pallida 
Sanderson Bumble Bee,21,Bombus Pyrobombus sandersoni 
Sanicle  ,25,Sanicula odorata 
Sap-Feeding Beetle 03,16,Pallodes pallidus 
Sap-Feeding Beetle 04,32,Stelidota octomaculata 
Sassafras,750,Sassafras albidum 
Satchem,41,Atalopedes campestris 
Saw-Tooth Blackberry,14,Rubus argutus 
Sawbrier,377,Smilax glauca 
Sawfly,10,Monophadnoides pauper 
Scale-Mouthed Caddisfly,35,Lepidostoma griseum 
Scallop Moth,32,Cepphis armataria 
Scarab Beetle,67,Serica atracapilla 
Scarlet-Winged Lichen Moth ,71,Hypoprepia miniata 
Scarlet Beebalm,75,Monarda didyma 
Scarlet Oak,913,Quercus coccinea 
Scarlet Tanager,"1,749",Piranga olivacea 
Scorpionfly,10,Panorpa flexa 
Scribbler Moth,32,Cladara atroliturata 
Seal Salamander,133,Desmognathus monticola 
Seed Bug,20,Kleidocerys  resedae 
Seedbox,15,Ludwigia alternifolia 
Seedcorn Beetle,19,Stenolophus Agonoderus lecontei 
Sensitive-Pea,18,Chamaecrista nictitans nictitans
Sensitive Fern,11,Onoclea sensibilis 
Serrate Fishfly,74,Nigronia serricornis 
Sessile-Leaf Bellwort,75,Uvularia sessilifolia 
Sexton Beetle,12,Nicrophorus defodiens 
Shag-Bark Hickory,40,Carya ovata 
Shingle Oak,92,Quercus imbricaria 
Shiny Cinnamon Polypore,14,Coltricia cinnamomea 
Short-Horned Caddisfly,33,Micrasema charonis 
Short-Leaf Pine,200,Pinus echinata 
Short-Tailed Shrew,32,Blarina brevicauda 
Shovel-Nosed Salamander,38,Desmognathus marmoratus 
Showy Gentian,50,Gentiana decora 
Showy Goldenrod,39,Solidago speciosa v. rigidiuscula
Shrub Yellowroot,28,Xanthorhiza simplicissima 
Silky Dogwood,45,Cornus amomum 
Silky Wild Oat,12,Danthonia sericea 
Silky Willow,35,Salix sericea 
Silly Stickbait Caddis,41,Pycnopsyche sonso 
Silver-Leaf Hydrangea,53,Hydrangea radiata 
Silver-Spotted Skipper,72,Epargyreus clarus 
Silverbell,41,Halesia carolina variety
Silvery-Spleenwort F ,226,Deparia acrostichoides 
Similar Antloving Rove Beetle,51,Eutyphlus similis 
Single-Head Pussytoes,11,Antennaria solitaria 
Skunk Goldenrod ,44,Solidago glomerata 
Sleepy Orange,15,Abaeis nicippe 
Slender Springtail C,12,Entomobrya ligata 
Slender Springtail J,11,Orchesella celsa 
Slender Springtail M,13,Pseudosinella collina 
Slender Wood-Reed,35,Cinna latifolia 
Slender Woodland Sedge,42,Carex digitalis v. digitalis
Slender Yellow Wood-Sorrel,14,Oxalis dillenii 
Slippery Elm,94,Ulmus rubra 
Slippery Jack,12,Suillus americanus 
Slipperycap Mushroom,10,Suillus granulatus 
Slosson`S Retreat-Maker,61,Hydropsyche slossonae 
Small-Eyed Sphinx ,54,Paonias myops 
Small Baileya Moth,30,Baileya australis 
Small Brook Flat-Headed Mayfly,38,Maccaffertium meririvulanum 
Small Chanterelle Mushroom,18,Cantharellus minor forma
Small Enchanter’S-Nightshade,42,Circaea alpina alpina
Small Green Ground Beetle,15,Lebia Lebia viridis 
Small Minnow Mayfly,67,Acentrella ampla 
Small Phigalia Moth,18,Phigalia strigataria 
Small Spot,20,Punctum minutissimum 
Small Sturdy Case Maker Caddisfly,10,Apatania praevolans 
Small Woodland Sunflower,49,Helianthus microcephalus 
Small’S Black-Snakeroot,29,Sanicula smallii 
Smallmouth Bass,58,Micropterus dolomieu 
Smooth Blackberry,277,Rubus canadensis 
Smooth Blackhaw,25,Viburnum prunifolium 
Smooth Carrion-Flower,90,Smilax herbacea 
Smooth Shadbush ,634,Amelanchier laevis 
Smooth Sumac,34,Rhus glabra 
Smooth Yellow False Foxglove,14,Aureolaria flava 
Snail,53,Mesodon clarki 
Snail-Case Making Caddisfly,13,Helicopsyche borealis 
Snail-Eating Ground Beetle,13,Sphaeroderus canadensis lengi
Snout Moth,53,Acrobasis aurorella 
Sod Web Worm,11,Acrolophus popeanellus 
Soft Grooveburr,26,Agrimonia pubescens 
Song Sparrow,57,Melospiza melodia 
Sordid Underwing,39,Catocala sordida 
Sourwood,"1,976",Oxydendrum arboreum 
Southern Bush-Honeysuckle,31,Diervilla sessilifolia 
Southern Crab Apple,17,Malus angustifolia v. angustifolia
Southern Harebell ,80,Campanula divaricata 
Southern Mountain-Cranberry,129,Vaccinium erythrocarpum 
Southern Pine Sphinx Moth,36,Lapara coniferarum 
Southern Pygmy Clubtail,131,Lanthus vernalis 
Southern Red-Backed Vole,31,Clethrionomys gapperi carolinensis
Southern Red Oak,120,Quercus falcata 
Southern Springfly,12,Cultus decisus isolatus
Southern Sturdy Burrower,98,Psilotreta frontalis 
Sow Fries Coral Fungus,24,Clavulinopsis fusiformis 
Soybean Looper,15,Pseudoplusia includens 
Sparse-Lobe Grape Fern,25,Botrychium biternatum 
Spearmarked Black Moth,10,Rheumaptera hastata 
Spectacular Burrowing Mayfly,20,Ephemera guttulata 
Spicebush,213,Lindera benzoin 
Spider,20,Cicurina arcuata 
Spiked Forestfly,88,Amphinemura wui 
Spiny Caddisfly,12,Brachycentrus spinae 
Spiny Crawler,15,Teloganopsis deficiens 
Spiny Crawler Mayfly 1,22,Drunella cornutella 
Spiny Crawler Mayfly 3,26,Ephemerella hispida 
Spiny Crawler Mayfly 4,13,Ephemerella subvaria 
Spiny Crawler Mayfly 5,37,Eurylophella funeralis 
Spiny Crawler Mayfly 6,21,Serratella deficiens 
Spiny Crawler Mayfly2,18,Drunella lata 
Spiny Oakworm Moth,41,Anisota stigma 
Spiny Slug Caterpillar,18,Euclea delphinii 
Spinyleg Willowfly,10,Taeniopteryx maura 
Splash Cup Fungus,12,Crucibulum laeve 
Splendid Dagger Moth,48,Acronicta superans 
Splendid Stickbait Caddis,44,Pycnopsyche luculenta 
Spoon-Leaf Purple Everlasting,36,Gamochaeta purpurea 
Spotted Apatelodes,67,Apatelodes torrefacta 
Spotted Cucumber Beetle,17,Diabrotica undecimpunctata howardi
Spotted Dusky Salamander,135,Desmognathus conanti 
Spotted Nomada Bee,11,Nomada Gnathias maculata 
Spotted St. John’S-Wort,57,Hypericum punctatum 
Spotted Stickbait Caddisfly,36,Pycnopsyche antica 
Spotted Touch-Me-Not,49,Impatiens capensis 
Spring Azure,30,Celastrina ladon 
Spring Beauty Bee,15,Andrena Ptilandrena erigeniae 
Spring Bee,15,Andrena Melandrena nivalis 
Spring Peeper,33,Pseudacris crucifer 
Spring Salamander,113,Gyrinophilus porphyriticus 
Springtail,52,Entomobrya assuta 
Springtail B,11,Dicyrtoma hageni 
Springtail F,11,Hypogastrura packardi 
Springtail K,13,Morulina crassa 
Springtail M,13,Pseudachorutes aureofasciatus 
Spruce Harlequin,57,Palthis angulalis 
Spurious Retreat-Maker,126,Hydropsyche sparna 
Square-Patched Carpet Moth,19,Perizoma basaliata 
St. Johnswort,38,Hypericum hypericoides 
Stag-Horn Sumac,10,Rhus typhina 
Starved Rosette Grass,16,Dichanthelium depauperatum 
Steelhead,142,Oncorhynchus mykiss 
Stenolophus Ground Beetle,51,Stenolophus Stenolophus ochropezus 
Stiff Cowbane,22,Oxypolis rigidior 
Stiff Gentian,14,Gentianella quinquefolia v. quinquefolia
Stiff Marsh Bedstraw,21,Galium tinctorium 
Stoneroot  ,151,Collinsonia canadensis 
Straight Toothed Sallow,12,Eupsilia vinulenta 
Straw Besma,33,Besma endropiaria 
Strawberry Sap Beetle,13,Stelidota geminata 
Streaked Flower Longhorn Beetle,23,Analeptura lineola 
Striped Cream Violet,22,Viola striata 
Striped Maple ,"2,027",Acer pensylvanicum 
Striped Pipsissewa,275,Chimaphila maculata 
Stripped Leaf Beetle,26,Capraita subvittata 
Subequal Flat-Headed Mayfly,46,Cinygmula subaequalis 
Sugar Maple,"1,341",Acer saccharum 
Summer Azure,51,Celastrina neglecta 
Summer Grape,155,Vitis aestivalis v. aestivalis
Summer Sedge,20,Carex aestivalis 
Superb Jewelwing,15,Calopteryx amata 
Swainson'S Thrush,39,Catharus ustulatus 
Swamp Rose,16,Rosa palustris 
Swan’S Sedge,35,Carex swanii 
Swannanoa Darter,16,Etheostoma swannanoa 
Swarthy Skipper,12,Nastra lherminier 
Sweat Bee,52,Agapostemon Agapostemon virescens 
Sweat Bee B,17,Augochlorella Augochlorella striata 
Sweat Bee F,11,Lasioglossum Dialictus laevissimum 
Sweat Bee H,13,Lasioglossum Dialictus versans 
Sweet-Gum,214,Liquidambar styraciflua 
Sweet Birch,"1,624",Betula lenta 
Sweet Fern Geometer,31,Cyclophora pendulinaria 
Sweet Joe-Pye-Weed,78,Eupatorium purpureum v. purpureum
Sweet White Violet,160,Viola blanda variety
Sweet Wood-Reed,12,Cinna arundinacea 
Symbiotic Non-Biting Midge,36,Synorthocladius semivirens 
Table Mountain Pine,189,Pinus pungens 
Tall Hairy Grooveburr,15,Agrimonia gryposepala 
Tall Rattlesnake-Root,65,Prenanthes altissima 
Tall Thimbleweed,21,Anemone virginiana v. virginiana
Tallulah Falls Antloving Rove Beetle,36,Sonoma tolulae 
Tarheel Sedge,11,Carex austrocaroliniana 
Tarnished Plant Bug,16,Lygus lineolaris 
Tawny Amanita,16,Amanita fulva 
Tawny Holomelina ,31,Holomelina opella 
Telescope Shiner,53,Notropis telescopus 
Tennessee Shiner,85,Notropis leuciodus 
Tennessee Snubnose Darter,10,Etheostoma tennesseense 
Tersa Sphinx ,10,Xylophanes tersa 
Tetraphis Moss,23,Tetraphis pellucida 
The Blusher,29,Amanita rubescens 
The Neighbor ,18,Haploa contigua 
The Slowpoke,41,Anorthodes tarda 
Thick-Horned Caddisfly,18,Heteroplectron americanum 
Thick-Leaf Phlox,10,Phlox carolina 
Thin-Leaf Mountain-Mint,49,Pycnanthemum montanum 
Thin-Leaf Sunflower,24,Helianthus decapetalus 
Three-Horned Sallow,10,Pachypolia atricornis 
Three-Leaved Rattlesnake-Root,39,Prenanthes trifoliolata 
Three-Lobed Needlefly,11,Leuctra triloba 
Three-Tailed Small Minnow Mayfly,105,Baetis tricaudatus 
Three Color Leaf Beetle,18,Tymnes tricolor 
Threelobed Bazzania,19,Bazzania trilobata 
Throaty Dome,27,Ventridens gularis 
Thyme-Leaf Bluet,79,Houstonia serpyllifolia 
Tiger Spiketail,70,Cordulegaster erronea 
Tiny Riffle Beetle,57,Oulimnius latiusculus 
Toed-Winged Beetle,35,Anchytarsus bicolor 
Tonolli`S Water Bear,31,Macrobiotus tonollii 
Tooth-Legged Grasshopper,21,Dichromorpha viridis 
Toothed-White-Top-Aster,24,Sericocarpus asteroides 
Toothed Brown Carpet,30,Xanthorhoe lacustrata 
Toothed Globe,10,Mesodon zaletus 
Toothed Phigalia Moth,12,Phigalia denticulata 
Toothed Somberwing,10,Euclidia cuspidea 
Toothwort  ,91,Cardamine diphylla 
Tormented Spiny Crawler  Mayfly,65,Ephemerella excrucians 
Trailing-Arbutus,154,Epigaea repens 
Tree Sparkle-Berry,49,Vaccinium arboreum 
Treehopper,10,Publilia concava 
Treehopper H,13,Entylia carinata 
Treehopper J,19,Micrutalis calva 
Treehopper L,29,Platycotis vittata 
Treehopper O,13,Stictocephala brevitylus 
Trident Maple,16,Acer rubrum v. trilobum
Trumpet-Creeper,13,Campsis radicans 
Trumpetweed,31,Eupatorium fistulosum 
Tuberculate Spiny Crawler Mayfly,94,Drunella tuberculata 
Tuckasegee Darter,28,Etheostoma gutselli 
Tufted Titmouse,"1,174",Baeolophus bicolor 
Tulip-Tree Silkmoth,35,Callosamia angulifera 
Tuliptree  ,"2,547",Liriodendron tulipifera 
Tupelo Leaffolder Moth,21,Actrix nyssaecolella 
Turkey Tail,29,Trametes versicolor 
Turkey Vulture,17,Cathartes aura 
Twelve-Spotted Ladybug,32,Harmonia axyridis 
Twenty-Spotted Lady Beetle,17,Psyllobora vigintimaculata 
Twin-Spotted Spiketail,43,Cordulegaster maculata 
Twisted Sedge,20,Carex torta 
Two-Leaf Bishop’S-Cap,32,Mitella diphylla 
Two-Ridged Snail-Eating Ground Beetle,14,Sphaeroderus bicarinatus 
Two-Spotted Bumble Bee,15,Bombus Pyrobombus bimaculatus 
Two-Striped Clown Beetle,14,Paromalus bistriatus 
Two-Tailed Flat-Headed Mayfly,64,Epeorus pleuralis 
Twolined Spittlebug,24,Prosapia bicincta 
Umbrella Magnolia,113,Magnolia tripetala 
Unclear Dagger Moth,57,Acronicta inclara 
Undulated Eunotia Diatom,38,Eunotia varioundulata 
Unequal Flat-Headed Mayfly,133,Epeorus dispar 
Uniform Northern Caddisfly,20,Pseudostenophylax uniformis 
Unmarked Dagger Moth,86,Acronicta innotata 
Unspecified,"19,976",Aethiophysa consimilis 
Unspotted Looper Moth,27,Allagrapha aerea 
Upland Bent,45,Agrostis perennans 
Upland Boneset,23,Eupatorium sessilifolium 
Upland Chorus Frog,13,Pseudacris feriarum 
Upright Yellow Wood-Sorrel,28,Oxalis stricta 
Vagabond Crambus,20,Agriphila vulgivagella 
Variable Antepione,36,Antepione thisoaria 
Variable Carpet,20,Anticlea vasiliata 
Variable Panic Grass,89,Dichanthelium commutatum 
Variegated Cutworm,39,Peridroma saucia 
Variegated Fritillary Butterfly,30,Euptoieta claudia 
Variegated Wingless Locust,10,Booneacris variegata 
Veery,"1,113",Catharus fuscescens 
Velvet-Foot Brimcap,18,Paxillus atrotomentosus 
Velvet Ant,13,Dasymutilla occidentalis occidentalis
Velvetbean Caterpillar,27,Anticarsia gemmatalis 
Vermilion Waxycap Fungus,14,Hygrocybe miniata 
Vesper Sparrow,10,Pooecetes gramineus 
Violet Bush-Clover,15,Lespedeza violacea 
Violet Wood-Sorrel,24,Oxalis violacea 
Virginia-Snakeroot,15,Aristolochia serpentaria 
Virginia Creeper,270,Parthenocissus quinquefolia 
Virginia Creeper Sphinx Moth,34,Darapsa myron 
Virginia Dwarf-Dandelion,10,Krigia virginica 
Virginia Knotweed ,59,Polygonum virginianum 
Virginia Pennywort,10,Obolaria virginica 
Virginia Pine,654,Pinus virginiana 
Virginia Springbeauty,10,Claytonia virginica variety
Virginia Sweetspire,12,Itea virginica 
Virginia Virgin-Bower,49,Clematis virginiana 
Virginia Water-Horehound,29,Lycopus virginicus 
Viscid Violet Cort,26,Cortinarius iodes 
Walking Fern,28,Asplenium rhizophyllum 
Walnut Shoot Moth,14,Acrobasis demotella 
Walsh'S Locust,17,Melanoplus walshii 
Warpaint Shiner,107,Luxilus coccogenis 
Wasp,11,Priocnemis Priocnemissus minorata 
Wataga Small Mark Caddis,47,Micrasema wataga 
Water Penny Beetle,73,Psephenus herricki 
Waterbear,332,Diphascon Diphascon pinguiforme 
Watson'S Arugisa Moth,11,Arugisa latiorella 
Waved Sphinx,25,Ceratomia undulosa 
Wavy-Leaf American-Aster,75,Symphyotrichum undulatum 
Wavy-Lined Heterocampa ,81,Heterocampa biundata 
Waxycap Fungus,21,Hygrocybe cantharellus 
Weeping Ground Beetle,19,Pterostichus Euferonia lachrymosus 
Weeping Milk Cap Mushroom,15,Lactarius volemus 
Weevil,31,Caulophilus dubius 
Weevil 1,14,Acoptus suturalis 
Weevil 2,20,Conotrachelus posticatus 
Weevil 7,21,Dryophthorus americanus 
Weevil 9,30,Eurhoptus pyriformis 
Welsh Wave,53,Venusia cambrica 
Western Black-Nosed Dace,44,Rhinichthys obtusus 
Whip Nut-Rush,19,Scleria triglomerata 
Whiplash Dewberry,15,Rubus flagellaris 
White-Blotched Balsa,47,Balsa labecula 
White-Blotched Heterocampa Moth,42,Heterocampa umbrata 
White-Breasted Nuthatch,449,Sitta carolinensis 
White-Edge Sedge,19,Carex debilis v. rudgei
White-Footed Mouse,37,Peromyscus leucopus 
White-Lined Leafroller,36,Amorbia humerosana 
White-Ribboned Carpet Moth,10,Mesoleuca ruficillata 
White-Throated Sparrow,15,Zonotrichia albicollis 
White Ash,569,Fraxinus americana variety
White Avens,33,Geum canadense 
White Baneberry,91,Actaea pachypoda 
White Bergamot,60,Monarda clinopodia 
White Bluebead-Lily,97,Clintonia umbellulata 
White Clover,16,Trifolium repens 
White Edge Sedge,78,Carex debilis variety
White Goldenrod,15,Solidago bicolor 
White Grass,18,Leersia virginica 
White Lactarius Mushroom,21,Lactarius subvellereus v. subdistans
White M Hairstreak,11,Parrhasius m-album 
White Oldfield American-Aster,10,Symphyotrichum pilosum v. pilosum
White Snakeroot,247,Ageratina altissima v. altissima
White Striped Black,34,Trichodezia albovittata 
White Sucker,25,Catostomus commersoni 
White Thoroughwort,26,Eupatorium album 
White Turtlehead,22,Chelone glabra variety
White Vervain,12,Verbena urticifolia 
White Wood-Aster,333,Eurybia divaricata 
Whitetail Shiner,63,Cyprinella galactura 
Whorled Nodding-Aster,54,Oclemena acuminata 
Widow Underwing Moth,31,Catocala vidua 
Widow’S-Frill,57,Silene stellata 
Wild Comfrey,24,Cynoglossum virginianum v. virginianum
Wild Hydrangea,275,Hydrangea arborescens 
Wild Strawberry,30,Fragaria virginiana 
Wild Turkey,61,Meleagris gallopavo 
Winged Elm,33,Ulmus alata 
Winged Sumac Variety,97,Rhus copallinum variety
Wingstem,40,Verbesina alternifolia 
Winter Ant,41,Prenolepis imparis 
Winter Caddis,17,Dolophilodes distincta 
Winter Caddisfly,241,Dolophilodes distinctus 
Winter Crane Fly,10,Trichocera brevicornis 
Winter Wren,"1,030",Troglodytes hiemalis 
Wintergreen  ,96,Gaultheria procumbens 
Woman’S-Tobacco,47,Antennaria plantaginifolia 
Wood-Sorrel  ,112,Oxalis montana 
Wood Anemone ,45,Anemone quinquefolia 
Wood Betony ,51,Pedicularis canadensis 
Wood Frog,68,Lithobates sylvaticus 
Wood Thrush,768,Hylocichla mustelina 
Woodland Stonecrop,72,Sedum ternatum 
Woodland Sunflower,14,Helianthus divaricatus 
Worm,87,Nais behningi 
Worm-Eating Warbler,720,Helmitheros vermivorus 
Wounded Darter,10,Etheostoma vulneratum 
X Viola Sagittata,10,Viola sororia v. sororia
Xenate Non-Biting Midge,38,Thienemanniella xena 
Yarrow,18,Achillea millefolium variety
Yellow-Bellied Sapsucker,11,Sphyrapicus varius 
Yellow-Billed Cuckoo,208,Coccyzus americanus 
Yellow-Breasted Chat,28,Icteria virens 
Yellow-Collared Scape Moth ,31,Cisseps fulvicollis 
Yellow-Faced Non-Biting Midge,43,Brillia flavifrons 
Yellow-Haired Dagger Moth,36,Acronicta impleta 
Yellow-Headed Cutworm Moth,10,Apamea amputatrix 
Yellow-Pimpernel,27,Taenidia integerrima 
Yellow-Spotted Tiger Moth,16,Lophocampa maculata 
Yellow-Spotted Webworm,33,Anageshna primordialis 
Yellow-Striped Small Minnow Mayfly,66,Baetis flavistriga 
Yellow-Throated Vireo,68,Vireo flavifrons 
Yellow-Throated Warbler,470,Setophaga dominica 
Yellow Birch,"2,136",Betula alleghaniensis 
Yellow Birch Leaffolder,12,Ancylis discigerana 
Yellow Buckeye,973,Aesculus flava 
Yellow Crownbeard,38,Verbesina occidentalis 
Yellow Fairybells,168,Prosartes lanuginosa 
Yellow Indian Grass,103,Sorghastrum nutans 
Yellow Non-Biting Midge,41,Cryptochironomus fulvus 
Yellow Poplar Weevil,54,Odontopus calceatus 
Yellow Ragwort ,42,Packera anonyma 
Yellow Stickbait Caddis,34,Pycnopsyche flavata 
Yellow Stone,92,Eccoptura xanthenes 
Yellow Wakerobin,31,Trillium luteum 
Yellow Woolly Bear,42,Spilosoma virginica 
Yellowlined Caterpillar,130,Nadata gibbosa 
Yellowstriped Armyworm,50,Spodoptera ornithogalli 
York Sallfly,41,Suwallia marginata 
Zabulon Skipper,38,Poanes zabulon 
Zebra Swallowtail,22,Eurytides marcellus 
Zigzag Goldenrod,46,Solidago flexicaulis 
